{
	"tagsPostRatio": {
		"0": 3067,
		"1": 1129,
		"2": 583,
		"3": 848,
		"4": 231,
		"5": 133,
		"6": 34,
		"7": 8,
		"8": 5
	},
	"tagUpwoteDownoteRatio": {
		"0": {
			"1947.7528": 101.67232
		},
		"1": {
			"2031.2861": 102.224976
		},
		"2": {
			"1915.2179": 88.93482
		},
		"3": {
			"1669.3656": 84.75354
		},
		"4": {
			"2065.472": 109.34632
		},
		"5": {
			"1890.6542": 96.02256
		},
		"6": {
			"2707.2646": 101.882355
		},
		"7": {
			"964.625": 50.625
		},
		"8": {
			"2148.6": 120.4
		}
	},
	"tagCommentRatio": {
		"0": 69.88979,
		"1": 75.66873,
		"2": 74.38593,
		"3": 64.9375,
		"4": 79.30303,
		"5": 66.9624,
		"6": 70.82353,
		"7": 32.5,
		"8": 113.0
	},
	"noTagHasTagUpvoteRatio": {
		"has tags": {
			"1906.6321": 94.79401
		},
		"no tags": {
			"1947.7528": 101.67232
		}
	},
	"noTagHasTagCommentRatio": {
		"has tags": 72.138,
		"no tags": 69.88979
	}
}